"page_id","page_name","page_index"
"01KET6TAY7RPESZY5Y53GRJQ2Q","LP - Gender",0
"01KET761BQTREWSPDMF97880RX","How old are you?",1
"01KET763NS3XT2QDAJABKZYW3Y","body",2
"01KET7WJPP9T5ZDMR9Q3N74DRY","current weight",3
"01KET7Z2FXRJ3SRPZ20Y8337NM","ideal weight",4
"01KET81CNW43CXJ085CMKNHHCB","join 115k",5
"01KET8R56NGT2Z2D215A5TTNV9","speed",6
"01KET8ZVG38C5EK9J2RXNTCS19","excites?",7
"01KET94KS47EXEE4BKMA074E37","struggle",8
"01KET9CMBS6ZEF4GS8RH5K6Z3M","prev solutions",9
"01KET9G6V3C16EXNKSVBP3KPMN","Page 11",10
"01KET9QCV12G97P14YA4BK4W5T","Page 12",11
"01KET9VJH96FQJ9MNSV5WRKRR0","Page 13",12
"01KET9ZCM0ZXJD0VCP86R4Z7RQ","Page 14",13
"01KETA6ZM37V15TQ7YACEMVRM9","Page 15",14
"01KETABTYCQ9QH9BESJVWEY2QC","Page 16",15
"01KETBHT0YVRBX19FERFNWNKE2","Page 17",16
"01KETBPV49Q9H5WEWM00VMM4RE","Page 18",17
"01KETBSPVN6KECRGX8T8J7F7CW","Page 19",18
